Lineage,WHO Nomenclature,Mutations,Reduction
B.1.1.7,Alpha,H69- V70- Y144- N501Y A570D D614G P681H T716I S982A D1118H,22.92%
B.1.1.7+E484K,Alpha,H69- V70- Y144- E484K N501Y A570D D614G P681H T716I S982A D1118H,74.65%
B.1.351,Beta,L18F D80A D215G L242- A243- L244- R246I K417N E484K N501Y D614G A701V,80.04%
B.1.351*,Beta,D80A D215G L242H K417N E484K N501Y D614G A701V,47.19%
B.1.351**,Beta,D80A D215G L242- A243- L244- K417N E484K N501Y D614G A701V,77.45%
P.1,Gamma,L18F T20N P26S D138Y R190S K417T E484K N501Y H655Y T1027I V1176F,47.66%
B.1.617.2,Delta,T19R G142D E156G F157- R158- K417N L452R T478K D614G P681R D950N,49.43%
AY.1,Delta,T19R T95I G142D E156G F157- R158- W258L K417N L452R T478K K558N D614G P681R D950N,48.09%
B.1.427/B.1.429,Epsilon,S13I W152C L452R D614G,52.57%
B.1.526,Iota,L5F T95I D253G E484K D614G A701V,10.94%
B.1.617.1,Kappa,L452R E484Q D614G P681R,18.34%
C.37,Lambda,G75V T76I R246- S247- Y248- L249- T250- P251- G252- D253N L452Q F490S D614G T859N,34.22%
C.37*,Lambda,G75V T76I L452Q F490S D614G T859N,16.88%
BA.1,Omicron,A67V H69- V70- T95I G142D V143- Y144- Y145- N211I L212V ins214EPE G339D S371L S373P S375F K417N N440K G446S S477N T478K E484A Q493R G496S Q498R N501Y Y505H T547K D614G H655Y N679K P681H N764K D796Y N856K Q954H N969K L981F,97.52%
BA.2,Omicron,T19I L24- P25- P26- A27S G142D V213G G339D S371L S373P S375F T376A D405N R408S K417N N440K S477N T478K E484A Q493R Q498R N501Y Y505H D614G H655Y N679K P681H N764K D796Y Q954H N969K,91.16%
BA.4/5,Omicron,T19I L24- P25- P26- A27S H69- V70- G142D V213G G339D S371F S373P S375F T376A D405N R408S K417N N440K L452R S477N T478K E484A F486V Q498R N501Y Y505H D614G H655Y N679K P681H N764K D796Y Q954H N969K,94.38%
A.VOI.V2,,D80Y Y144- I210- D215G R246- S247- Y248- L249M W258L R346K T478R E484K H655Y P681H Q957H,64.54%
B.1.1.298,,Y453F D614G I692V M1229I,5.42%
B.1.160,,S477N S494P D614G K1191N,3.81%
B.1.258,,H69- V70- L189F N439K D614G V772I,-9.28%
B.1.517,,G181V G252V N501T D614G P812L,-7.87%